Product_Index,Batch_ID,Image,Folder_Label,Decision,Top_Class,Defect,YOLO_Confidence,P_Defect,Margin_Top1_Top2,Entropy,Type_Confidence,Novel_Flag,decision_reason,Temperature,Likely_Zone,Zone_Confidence,Zone_Status,Reason,Evidence,Drift_Flags,Run_Bottleneck_Zone,Run_Throughput_Loss_Pct,Run_WIP_Stored,Run_Profit,Run_Margin_Pct,Unit_Defect_Cost,WhatIf_A,WhatIf_B,WhatIf_A+Bcombined,Predicted_Margin_Pct,Recommendations,Localization_Supported,Localization_Box,Localization_Area,Localization_Image,Second_Zone,Probability_Gap,Drilling_Stress,Drilling_Contribution,Milling_Stress,Milling_Contribution,Assembly_Stress,Assembly_Contribution,Storage_Stress,Storage_Contribution
0,BATCH_0000,dataset_small_final\test\normal\normal_01104.png,normal,PASS,normal,normal,0.9993685958899938,0.0006314041100061729,0.9990731412926005,0.0036934558775343104,0.46793264838033843,False,Confidently normal.,1.0,N/A,N/A,N/A,Confidently normal.,,,Assembly,0.30481609428977846,247.0,436161.57499999995,37.06251366227016,0.0,26032.462500000023,0.0,26032.462500000023,36.942058453083895,"P2: Production flow is constrained at Assembly (1191 runs at >=90% utilization). Balance the line or add assembly capacity and limit upstream release to cap work-in-process. | P3: Simulated best lever for this run: A: defects -50% (profit +26,032, margin +1.4 pts).",,,,,,,,,,,,,,
157,BATCH_0157,dataset_small_final\test\hole\hole_00142.png,hole,REJECT,hole,hole,0.9999994396929721,0.999999917998079,0.9999991680006902,5.787998212870782e-06,0.9999995216948541,False,Defect probability at or above the auto-reject threshold.,1.0,Drilling,High,ATTRIBUTED,Defect-specific prior combined with production-zone stress.,"Drilling: utilization deviation=-1.67 SD, waiting-time deviation=-1.00 SD, combined stress=1.34; note: the strongest raw process deviation is in Assembly (1.67), but this defect type points mainly to Drilling",,Assembly,0.6613756613756614,12.0,128191.70000000001,36.08766887279259,137.5,10251.149999999994,0.0,10251.149999999994,36.72466808850995,"P1: [Drilling] Check drill-bit wear / tool life, feed and speed, and coolant flow; add an in-process hole-diameter check and consider parallel drilling capacity. | P2: Production flow is constrained at Assembly (1191 runs at >=90% utilization). Balance the line or add assembly capacity and limit upstream release to cap work-in-process. | P3: Simulated best lever for this run: A: defects -50% (profit +10,251, margin +1.8 pts).",True,"(75, 75, 204, 255)",0.359039306640625,outputs\localization\product_157_hole.png,Assembly,0.5360971289544765,1.335058206651112,0.6825905103509071,1.2403179560406223,0.1432824439490634,1.6679454986427311,0.14649338139643067,0.0,0.02763366430359874
315,BATCH_0315,dataset_small_final\test\hole\hole_00479.png,hole,REJECT,hole,hole,0.9999965685597916,0.9999991785676132,0.9999945558400068,3.1240793568581676e-05,0.9999973899900343,False,Defect probability at or above the auto-reject threshold.,1.0,Drilling,High,ATTRIBUTED,Defect-specific prior combined with production-zone stress.,"Drilling: utilization deviation=-1.31 SD, waiting-time deviation=-0.98 SD, combined stress=1.15; note: the strongest raw process deviation is in Assembly (1.35), but this defect type points mainly to Drilling",,Assembly,0.6839945280437756,220.0,247650.40000000002,36.0588005754256,137.5,19819.79999999999,0.0,19819.79999999999,36.93675666639223,"P1: [Drilling] Check drill-bit wear / tool life, feed and speed, and coolant flow; add an in-process hole-diameter check and consider parallel drilling capacity. | P2: Production flow is constrained at Assembly (1191 runs at >=90% utilization). Balance the line or add assembly capacity and limit upstream release to cap work-in-process. | P3: Simulated best lever for this run: A: defects -50% (profit +19,820, margin +1.8 pts).",True,"(50, 100, 255, 200)",0.317474365234375,outputs\localization\product_315_hole.png,Milling,0.5416640877058663,1.1455863492121519,0.6868015996686881,1.0575596111998213,0.14513751196282185,1.3489047295799708,0.12948456199626343,0.1379818498332756,0.038576326372226584
473,BATCH_0473,dataset_small_final\test\crack\crack_02913.png,crack,REJECT,crack,crack,0.9999984768913951,0.9999999913556844,0.9999977169761277,1.4632715256445605e-05,0.9999984855356977,False,Defect probability at or above the auto-reject threshold.,1.0,Assembly,Medium,ATTRIBUTED,Defect-specific prior combined with production-zone stress.,"Assembly: utilization deviation=-2.00 SD, waiting-time deviation=-1.34 SD, combined stress=1.67",,Assembly,0.8174386920980926,18.0,121951.0,35.64151274257657,150.0,10920.0,0.0,10920.0,36.685492303109626,"P1: [Assembly] Check press force / torque limits, part handling and fixturing; balance the line or add assembly capacity and limit upstream release to cap work-in-process. | P2: Production flow is constrained at Assembly (1191 runs at >=90% utilization). Balance the line or add assembly capacity and limit upstream release to cap work-in-process. | P3: Simulated best lever for this run: A: defects -50% (profit +10,920, margin +2.0 pts).",True,"(25, 25, 124, 100)",0.115966796875,outputs\localization\product_473_crack.png,Drilling,0.12855309758054445,1.3444396304389752,0.3359358758921774,1.2487100865551757,0.17443897453952242,1.6684571537330855,0.46448897347272183,0.004590389944255743,0.025136176095578455
631,BATCH_0631,dataset_small_final\test\scratch\scratch_02831.png,scratch,REJECT,scratch,scratch,0.9999980288133417,0.9999996871082257,0.9999970804547987,1.8837227467088608e-05,0.9999983417045971,False,Defect probability at or above the auto-reject threshold.,1.0,No clear contributing zone,Low,NOT_CLEAR,No production zone deviates strongly from the historical baseline.,Drilling=0.85; Milling=0.80; Assembly=0.80; Storage=0.00,,Assembly,2.3965141612200433,124.0,406574.0,36.96664969450102,62.50000000000001,12432.0,0.0,12432.0,35.95207407190003,"P2: No production zone stands out; inspect incoming material and handling before adjusting any process. | P2: Production flow is constrained at Assembly (1191 runs at >=90% utilization). Balance the line or add assembly capacity and limit upstream release to cap work-in-process. | P3: Simulated best lever for this run: A: defects -50% (profit +12,432, margin +0.8 pts).",True,"(100, 125, 255, 199)",0.17852783203125,outputs\localization\product_631_scratch.png,,0.0,0.8452850901631794,,0.7990620719499403,,0.8031116044558917,,0.0,
789,BATCH_0789,dataset_small_final\test\normal\normal_01916.png,normal,PASS,normal,normal,0.9995459998292672,0.0004540001707328267,0.9992520325358778,0.0027030573944146945,0.6475048080155023,False,Confidently normal.,1.0,N/A,N/A,N/A,Confidently normal.,,,Assembly,0.13908205841446453,56.0,128032.45000000001,37.16897873631375,0.0,7619.774999999994,0.0,7619.774999999994,37.01457547049042,"P2: Production flow is constrained at Assembly (1191 runs at >=90% utilization). Balance the line or add assembly capacity and limit upstream release to cap work-in-process. | P3: Simulated best lever for this run: A: defects -50% (profit +7,620, margin +1.4 pts).",,,,,,,,,,,,,,
947,BATCH_0947,dataset_small_final\test\rust\rust_01534.png,rust,REJECT,rust,rust,0.9999967018779391,0.9999997374158549,0.9999951245944949,3.0077571782996506e-05,0.9999969644612874,False,Defect probability at or above the auto-reject threshold.,1.0,Storage,High,ATTRIBUTED,Defect-specific prior combined with production-zone stress.,"Storage: storage dwell/WIP deviation=+0.00 SD, combined stress=0.00; note: the strongest raw process deviation is in Assembly (1.20), but this defect type points mainly to Storage",,Assembly,1.0584958217270195,51.0,320170.5,37.170346893285036,87.5,14652.0,0.0,14652.0,36.474295476872236,"P1: [Storage] Reduce dwell time between stages (FIFO, smaller buffers), and protect parts with humidity control or anti-corrosion packaging. | P2: Production flow is constrained at Assembly (1191 runs at >=90% utilization). Balance the line or add assembly capacity and limit upstream release to cap work-in-process. | P3: Simulated best lever for this run: A: defects -50% (profit +14,652, margin +1.1 pts).",True,"(50, 100, 225, 255)",0.4189453125,outputs\localization\product_947_rust.png,Assembly,0.2817295017007171,1.0437624918179895,0.09551232800000506,0.9688771360332591,0.1772421989602455,1.1974458991738477,0.22275798566951618,0.0,0.5044874873702333
1104,BATCH_1104,dataset_small_final\test\crack\crack_00329.png,crack,REJECT,crack,crack,0.9999866941028155,0.9999994509410448,0.9999801046882215,0.00011064808899026874,0.9999872431547664,False,Defect probability at or above the auto-reject threshold.,1.0,No clear contributing zone,Low,NOT_CLEAR,No production zone deviates strongly from the historical baseline.,Drilling=0.45; Milling=0.38; Assembly=0.36; Storage=0.31,,Assembly,9.14074074074074,649.0,428430.5,29.726210837082963,150.0,45997.5,105112.6841688808,154457.3533099217,30.527415297020028,"P2: No production zone stands out; inspect incoming material and handling before adjusting any process. | P2: Production flow is constrained at Assembly (1191 runs at >=90% utilization). Balance the line or add assembly capacity and limit upstream release to cap work-in-process. | P3: Simulated best lever for this run: A + B combined (profit +154,457, margin +6.8 pts).",,,,,,0.0,0.44993357392986916,,0.37942297376788914,,0.35789411596507525,,0.31267304562771153,
1262,BATCH_1262,dataset_small_final\test\scratch\scratch_00239.png,scratch,REJECT,scratch,scratch,0.9999995957436216,0.9999999517804015,0.9999993507119759,4.2038292189171836e-06,0.999999643963203,False,Defect probability at or above the auto-reject threshold.,1.0,No clear contributing zone,Low,NOT_CLEAR,No production zone deviates strongly from the historical baseline.,Drilling=0.48; Milling=0.80; Assembly=0.86; Storage=0.01,,Assembly,2.3207670516452388,257.0,814665.75,37.01499267915621,62.50000000000001,24877.875,0.0,24877.875,35.89115578540416,"P2: No production zone stands out; inspect incoming material and handling before adjusting any process. | P2: Production flow is constrained at Assembly (1191 runs at >=90% utilization). Balance the line or add assembly capacity and limit upstream release to cap work-in-process. | P3: Simulated best lever for this run: A: defects -50% (profit +24,878, margin +0.8 pts).",,,,,,0.0,0.4849273074718602,,0.8044656920368938,,0.8630839482227933,,0.012735407562383838,
1420,BATCH_1420,dataset_small_final\test\scratch\scratch_01497.png,scratch,REJECT,scratch,scratch,0.9999812939149014,0.9999983774322186,0.9999673847421714,0.00014803715851034787,0.9999829164549636,False,Defect probability at or above the auto-reject threshold.,1.0,No clear contributing zone,Low,NOT_CLEAR,No production zone deviates strongly from the historical baseline.,Drilling=0.79; Milling=0.64; Assembly=0.90; Storage=0.00,,Assembly,1.6411745003907556,216.0,809946.5,37.448025873209254,62.50000000000001,24447.75,0.0,24447.75,36.222838537269624,"P2: No production zone stands out; inspect incoming material and handling before adjusting any process. | P2: Production flow is constrained at Assembly (1191 runs at >=90% utilization). Balance the line or add assembly capacity and limit upstream release to cap work-in-process. | P3: Simulated best lever for this run: A: defects -50% (profit +24,448, margin +0.8 pts).",,,,,,0.0,0.7871711238262119,,0.64081246619239,,0.8978104291566379,,0.0,
1578,BATCH_1578,dataset_small_final\test\hole\hole_01997.png,hole,REJECT,hole,hole,0.9982048143734374,0.9989495882900576,0.9971544026634951,0.009338687698365175,0.9992544429415149,False,Defect probability at or above the auto-reject threshold.,1.0,Milling,Medium,ATTRIBUTED,Defect-specific prior combined with production-zone stress.,"Milling: utilization deviation=+0.71 SD, waiting-time deviation=+3.94 SD, combined stress=2.32",,Assembly,0.512061902594447,480.0,747968.0500000003,36.173574317019316,137.5,59670.97499999963,0.0,59670.97499999963,36.78169373110982,"P1: [Milling] Check cutter wear, fixture clamping and vibration; add a surface-finish check after milling and review cutting parameters. | P2: Production flow is constrained at Assembly (1191 runs at >=90% utilization). Balance the line or add assembly capacity and limit upstream release to cap work-in-process. | P3: Simulated best lever for this run: A: defects -50% (profit +59,671, margin +1.8 pts).",,,,,Drilling,0.1839627235094196,0.431893729775212,0.3478592000156226,2.3227417014130327,0.5318219235250422,0.8208609846689532,0.07896169632485714,0.1741441557394322,0.041357180134478005
1736,BATCH_1736,dataset_small_final\test\rust\rust_01176.png,rust,REJECT,rust,rust,0.9999983658583175,0.9999997611492036,0.9999976510514478,1.5848002977123703e-05,0.9999986047087807,False,Defect probability at or above the auto-reject threshold.,1.0,Storage,High,ATTRIBUTED,Defect-specific prior combined with production-zone stress.,"Storage: storage dwell/WIP deviation=+0.29 SD, combined stress=0.29; note: the strongest raw process deviation is in Milling (1.11), but this defect type points mainly to Storage",,Assembly,8.871653208669784,890.0,661244.7500000002,31.791797530917627,87.5,35380.12499999977,137286.0814985216,175003.57742483472,31.389721428939648,"P1: [Storage] Reduce dwell time between stages (FIFO, smaller buffers), and protect parts with humidity control or anti-corrosion packaging. | P2: Production flow is constrained at Assembly (1191 runs at >=90% utilization). Balance the line or add assembly capacity and limit upstream release to cap work-in-process. | P3: Simulated best lever for this run: A + B combined (profit +175,004, margin +5.3 pts).",,,,,Milling,0.427774818151642,0.5451331864950805,0.05272917444667423,1.11307639033176,0.18609536950479263,0.8793241979896849,0.14730526839209843,0.2916975732487119,0.6138701876564346
1894,BATCH_1894,dataset_small_final\test\scratch\scratch_00686.png,scratch,REJECT,scratch,scratch,0.9999995892127278,0.999999916784053,0.9999994205294366,4.3447852029943555e-06,0.9999996724286476,False,Defect probability at or above the auto-reject threshold.,1.0,Milling,High,ATTRIBUTED,Defect-specific prior combined with production-zone stress.,"Milling: utilization deviation=-1.34 SD, waiting-time deviation=-0.81 SD, combined stress=1.07; note: the strongest raw process deviation is in Assembly (1.39), but this defect type points mainly to Milling",,Assembly,2.4930747922437675,76.0,255133.2,36.904797722643956,62.50000000000001,7814.399999999965,0.0,7814.399999999965,36.066931105949564,"P1: [Milling] Check cutter wear, fixture clamping and vibration; add a surface-finish check after milling and review cutting parameters. | P2: Production flow is constrained at Assembly (1191 runs at >=90% utilization). Balance the line or add assembly capacity and limit upstream release to cap work-in-process. | P3: Simulated best lever for this run: A: defects -50% (profit +7,814, margin +0.8 pts).",,,,,Assembly,0.31949933397321034,1.1643832922086106,0.10773611782907451,1.0714815408201979,0.5890685742045119,1.3883765062495041,0.2695692402313015,0.0,0.0336260677351122
2051,BATCH_2051,dataset_small_final\test\normal\normal_01712.png,normal,PASS,normal,normal,0.9983595390403273,0.0016404609596727404,0.9974262145526136,0.008636482412740532,0.5689403836223778,False,Confidently normal.,1.0,N/A,N/A,N/A,Confidently normal.,,,Assembly,27.81203007518797,7607.0,299555.88749999995,13.006977896984957,0.0,50945.30625000014,779819.2625453342,847976.069900228,12.71982389719831,"P2: Production flow is constrained at Assembly (1191 runs at >=90% utilization). Balance the line or add assembly capacity and limit upstream release to cap work-in-process. | P3: Simulated best lever for this run: A + B combined (profit +847,976, margin +23.5 pts).",,,,,,,,,,,,,,
2209,BATCH_2209,dataset_small_final\test\hole\hole_01592.png,hole,REJECT,hole,hole,0.9999980040966207,0.9999996550672173,0.9999970381901393,1.9045774446390512e-05,0.9999983490288339,False,Defect probability at or above the auto-reject threshold.,1.0,Drilling,High,ATTRIBUTED,Defect-specific prior combined with production-zone stress.,"Drilling: utilization deviation=-1.69 SD, waiting-time deviation=-1.00 SD, combined stress=1.34; note: the strongest raw process deviation is in Assembly (1.67), but this defect type points mainly to Drilling",,Assembly,5.033112582781457,80.0,112385.9,33.13839966267717,137.5,9787.050000000017,8618.921381754568,18654.304095957923,34.27733386814772,"P1: [Drilling] Check drill-bit wear / tool life, feed and speed, and coolant flow; add an in-process hole-diameter check and consider parallel drilling capacity. | P2: Production flow is constrained at Assembly (1191 runs at >=90% utilization). Balance the line or add assembly capacity and limit upstream release to cap work-in-process. | P3: Simulated best lever for this run: A + B combined (profit +18,654, margin +3.5 pts).",,,,,Assembly,0.5358856338557876,1.3424920533417366,0.6810218231355062,1.246477814480742,0.14277115642751814,1.6683724169128966,0.14513618927971866,0.12696935305281332,0.03107083115725698
2367,BATCH_2367,dataset_small_final\test\scratch\scratch_02348.png,scratch,REJECT,scratch,scratch,0.9970682943870952,0.9994228663568352,0.9955059936305896,0.014559293706883202,0.9976440683428398,False,Defect probability at or above the auto-reject threshold.,1.0,Milling,High,ATTRIBUTED,Defect-specific prior combined with production-zone stress.,"Milling: utilization deviation=+1.12 SD, waiting-time deviation=+0.92 SD, combined stress=1.02; note: the strongest raw process deviation is in Drilling (1.04), but this defect type points mainly to Milling",,Assembly,14.765401146131804,2978.0,650230.55,27.824319203804848,62.50000000000001,26415.22499999986,311924.66828761785,341867.8348862617,26.277800412240754,"P1: [Milling] Check cutter wear, fixture clamping and vibration; add a surface-finish check after milling and review cutting parameters. | P2: Production flow is constrained at Assembly (1191 runs at >=90% utilization). Balance the line or add assembly capacity and limit upstream release to cap work-in-process. | P3: Simulated best lever for this run: A + B combined (profit +341,868, margin +9.3 pts).",,,,,Assembly,0.4326748111077138,1.043873417912398,0.10544692860791904,1.0198519181761916,0.6176646974558284,0.9128196125724259,0.18498988634811467,0.9063502100156329,0.09189848758813789
2525,BATCH_2525,dataset_small_final\test\normal\normal_01409.png,normal,PASS,normal,normal,0.9974262906640079,0.0025737093359921026,0.9959688221164796,0.01287687873108089,0.5662910442707136,False,Confidently normal.,1.0,N/A,N/A,N/A,Confidently normal.,,,Assembly,0.09900990099009901,354.0,630116.9125000001,37.19177812846004,0.0,37478.04374999995,0.0,37478.04374999995,36.92275388245383,"P2: Production flow is constrained at Assembly (1191 runs at >=90% utilization). Balance the line or add assembly capacity and limit upstream release to cap work-in-process. | P3: Simulated best lever for this run: A: defects -50% (profit +37,478, margin +1.4 pts).",,,,,,,,,,,,,,
2683,BATCH_2683,dataset_small_final\test\scratch\scratch_02744.png,scratch,REJECT,scratch,scratch,0.9998101940188766,0.9999812930030055,0.999680819717269,0.001241833772726738,0.9998288978150631,False,Defect probability at or above the auto-reject threshold.,1.0,Milling,High,ATTRIBUTED,Defect-specific prior combined with production-zone stress.,"Milling: utilization deviation=+1.14 SD, waiting-time deviation=+1.19 SD, combined stress=1.16; note: the strongest raw process deviation is in Drilling (1.44), but this defect type points mainly to Milling",,Assembly,30.449045050298878,8107.0,270543.94999999995,11.550277919434848,62.50000000000001,26476.27500000014,910504.7673647914,947276.2353737929,9.757535244483433,"P1: [Milling] Check cutter wear, fixture clamping and vibration; add a surface-finish check after milling and review cutting parameters. | P2: Production flow is constrained at Assembly (1191 runs at >=90% utilization). Balance the line or add assembly capacity and limit upstream release to cap work-in-process. | P3: Simulated best lever for this run: A + B combined (profit +947,276, margin +25.5 pts).",,,,,Assembly,0.43837497188939656,1.4427299669939067,0.13101224069208608,1.1617865059494754,0.5935412813591486,0.9187895332259186,0.15516630946975205,1.3572629666032032,0.12028016847901325
2841,BATCH_2841,dataset_small_final\test\rust\rust_02241.png,rust,REJECT,rust,rust,0.9998923996632572,0.9999867195604869,0.9998161649116551,0.000737289884922192,0.9999056788501438,False,Defect probability at or above the auto-reject threshold.,1.0,Storage,High,ATTRIBUTED,Defect-specific prior combined with production-zone stress.,"Storage: storage dwell/WIP deviation=+0.04 SD, combined stress=0.04; note: the strongest raw process deviation is in Assembly (1.09), but this defect type points mainly to Storage",,Assembly,3.2446808510638294,129.0,315422.0,35.75341611738635,87.5,15006.75,5836.0171127473,20942.130250036367,35.92678199850779,"P1: [Storage] Reduce dwell time between stages (FIFO, smaller buffers), and protect parts with humidity control or anti-corrosion packaging. | P2: Production flow is constrained at Assembly (1191 runs at >=90% utilization). Balance the line or add assembly capacity and limit upstream release to cap work-in-process. | P3: Simulated best lever for this run: A + B combined (profit +20,942, margin +1.5 pts).",,,,,Assembly,0.3299925573143452,0.9886545774276067,0.09210482601932976,0.9108250711838761,0.170416427621897,1.0894399148347673,0.20374309452221404,0.037577717037859004,0.5337356518365592
2999,BATCH_2999,dataset_small_final\test\scratch\scratch_01823.png,scratch,REJECT,scratch,scratch,0.9999951700955932,0.9999990882855669,0.9999934003651165,4.376126934740097e-05,0.9999960818064539,False,Defect probability at or above the auto-reject threshold.,1.0,Milling,High,ATTRIBUTED,Defect-specific prior combined with production-zone stress.,"Milling: utilization deviation=+1.14 SD, waiting-time deviation=-0.22 SD, combined stress=0.68; note: the strongest raw process deviation is in Drilling (1.52), but this defect type points mainly to Milling",,Assembly,28.71967151922359,8112.0,320702.6000000001,13.681653081823903,62.50000000000001,26495.699999999953,831946.6911793544,867846.1034738801,11.87781716500672,"P1: [Milling] Check cutter wear, fixture clamping and vibration; add a surface-finish check after milling and review cutting parameters. | P2: Production flow is constrained at Assembly (1191 runs at >=90% utilization). Balance the line or add assembly capacity and limit upstream release to cap work-in-process. | P3: Simulated best lever for this run: A + B combined (profit +867,846, margin +23.4 pts).",,,,,Assembly,0.271213385677741,1.521699459738306,0.1814394492083893,0.6800813725791772,0.4692160704485595,0.9159108843628141,0.19800268477081848,1.3403183005596566,0.15134179557223276
